{
    "annotations": {
      "list": [
        {
          "builtIn": 1,
          "datasource": {
            "type": "grafana",
            "uid": "-- Grafana --"
          },
          "enable": true,
          "hide": true,
          "iconColor": "rgba(0, 211, 255, 1)",
          "name": "Annotations & Alerts",
          "type": "dashboard"
        }
      ]
    },
    "editable": true,
    "fiscalYearStartMonth": 0,
    "graphTooltip": 0,
    "id": 4,
    "links": [],
    "liveNow": false,
    "panels": [
      {
        "datasource": {
          "type": "prometheus",
          "uid": "grafanacloud-prom"
        },
        "gridPos": {
          "h": 3,
          "w": 3,
          "x": 0,
          "y": 0
        },
        "id": 1,
        "options": {
          "code": {
            "language": "plaintext",
            "showLineNumbers": false,
            "showMiniMap": false
          },
          "content": "# 632k",
          "mode": "markdown"
        },
        "pluginVersion": "10.0.0",
        "title": "PBI-PROV",
        "type": "text"
      },
      {
        "datasource": {
          "type": "prometheus",
          "uid": "grafanacloud-prom"
        },
        "gridPos": {
          "h": 3,
          "w": 3,
          "x": 3,
          "y": 0
        },
        "id": 2,
        "options": {
          "code": {
            "language": "plaintext",
            "showLineNumbers": false,
            "showMiniMap": false
          },
          "content": "# 632k",
          "mode": "markdown"
        },
        "pluginVersion": "10.0.0",
        "title": "PBI-PROV",
        "type": "text"
      },
      {
        "datasource": {
          "type": "prometheus",
          "uid": "grafanacloud-prom"
        },
        "gridPos": {
          "h": 3,
          "w": 3,
          "x": 6,
          "y": 0
        },
        "id": 3,
        "options": {
          "code": {
            "language": "plaintext",
            "showLineNumbers": false,
            "showMiniMap": false
          },
          "content": "# 632k",
          "mode": "markdown"
        },
        "pluginVersion": "10.0.0",
        "title": "PBI-PROV",
        "type": "text"
      },
      {
        "datasource": {
          "type": "prometheus",
          "uid": "grafanacloud-prom"
        },
        "gridPos": {
          "h": 3,
          "w": 3,
          "x": 9,
          "y": 0
        },
        "id": 4,
        "options": {
          "code": {
            "language": "plaintext",
            "showLineNumbers": false,
            "showMiniMap": false
          },
          "content": "# 632k",
          "mode": "markdown"
        },
        "pluginVersion": "10.0.0",
        "title": "PBI-PROV",
        "type": "text"
      },
      {
        "datasource": {
          "type": "prometheus",
          "uid": "grafanacloud-prom"
        },
        "gridPos": {
          "h": 3,
          "w": 3,
          "x": 12,
          "y": 0
        },
        "id": 5,
        "options": {
          "code": {
            "language": "plaintext",
            "showLineNumbers": false,
            "showMiniMap": false
          },
          "content": "# 632k",
          "mode": "markdown"
        },
        "pluginVersion": "10.0.0",
        "title": "PBI-PROV",
        "type": "text"
      },
      {
        "datasource": {
          "type": "prometheus",
          "uid": "grafanacloud-prom"
        },
        "gridPos": {
          "h": 3,
          "w": 3,
          "x": 15,
          "y": 0
        },
        "id": 6,
        "options": {
          "code": {
            "language": "plaintext",
            "showLineNumbers": false,
            "showMiniMap": false
          },
          "content": "# 632k",
          "mode": "markdown"
        },
        "pluginVersion": "10.0.0",
        "title": "PBI-PROV",
        "type": "text"
      },
      {
        "datasource": {
          "type": "prometheus",
          "uid": "grafanacloud-prom"
        },
        "gridPos": {
          "h": 3,
          "w": 3,
          "x": 18,
          "y": 0
        },
        "id": 7,
        "options": {
          "code": {
            "language": "plaintext",
            "showLineNumbers": false,
            "showMiniMap": false
          },
          "content": "# 632k",
          "mode": "markdown"
        },
        "pluginVersion": "10.0.0",
        "title": "PBI-PROV",
        "type": "text"
      },
      {
        "datasource": {
          "type": "grafana",
          "uid": "grafana"
        },
        "fieldConfig": {
          "defaults": {
            "color": {
              "mode": "palette-classic"
            },
            "custom": {
              "axisCenteredZero": false,
              "axisColorMode": "text",
              "axisLabel": "",
              "axisPlacement": "auto",
              "barAlignment": 0,
              "drawStyle": "line",
              "fillOpacity": 0,
              "gradientMode": "none",
              "hideFrom": {
                "legend": false,
                "tooltip": false,
                "viz": false
              },
              "lineInterpolation": "linear",
              "lineWidth": 1,
              "pointSize": 5,
              "scaleDistribution": {
                "type": "linear"
              },
              "showPoints": "auto",
              "spanNulls": false,
              "stacking": {
                "group": "A",
                "mode": "none"
              },
              "thresholdsStyle": {
                "mode": "off"
              }
            },
            "mappings": [],
            "thresholds": {
              "mode": "absolute",
              "steps": [
                {
                  "color": "green",
                  "value": null
                },
                {
                  "color": "red",
                  "value": 80
                }
              ]
            }
          },
          "overrides": []
        },
        "gridPos": {
          "h": 9,
          "w": 24,
          "x": 0,
          "y": 3
        },
        "id": 9,
        "options": {
          "legend": {
            "calcs": [],
            "displayMode": "list",
            "placement": "bottom",
            "showLegend": true
          },
          "tooltip": {
            "mode": "single",
            "sort": "none"
          }
        },
        "targets": [
          {
            "datasource": {
              "type": "datasource",
              "uid": "grafana"
            },
            "queryType": "randomWalk",
            "refId": "A"
          }
        ],
        "title": "Statistic",
        "type": "timeseries"
      },
      {
        "datasource": {
          "type": "grafana",
          "uid": "grafana"
        },
        "fieldConfig": {
          "defaults": {
            "color": {
              "mode": "thresholds"
            },
            "custom": {
              "align": "auto",
              "cellOptions": {
                "type": "auto"
              },
              "inspect": false
            },
            "mappings": [],
            "thresholds": {
              "mode": "absolute",
              "steps": [
                {
                  "color": "green",
                  "value": null
                },
                {
                  "color": "red",
                  "value": 80
                }
              ]
            }
          },
          "overrides": []
        },
        "gridPos": {
          "h": 7,
          "w": 24,
          "x": 0,
          "y": 12
        },
        "id": 10,
        "options": {
          "cellHeight": "sm",
          "footer": {
            "countRows": false,
            "fields": "",
            "reducer": [
              "sum"
            ],
            "show": false
          },
          "showHeader": true
        },
        "pluginVersion": "10.0.0",
        "targets": [
          {
            "datasource": {
              "type": "datasource",
              "uid": "grafana"
            },
            "queryType": "randomWalk",
            "refId": "A"
          }
        ],
        "title": "Daftar Penerima Bantuan",
        "type": "table"
      }
    ],
    "refresh": "",
    "schemaVersion": 38,
    "style": "dark",
    "tags": [],
    "templating": {
      "list": []
    },
    "time": {
      "from": "now-6h",
      "to": "now"
    },
    "timepicker": {},
    "timezone": "",
    "title": "Dinas Sosial",
    "uid": "e697d6ce-c81e-465b-8d3f-801cdc0d82e1",
    "version": 3,
    "weekStart": ""
  }