{
  "annotations": {
    "list": [
      {
        "builtIn": 1,
        "datasource": {
          "type": "grafana",
          "uid": "-- Grafana --"
        },
        "enable": true,
        "hide": true,
        "iconColor": "rgba(0, 211, 255, 1)",
        "name": "Annotations & Alerts",
        "type": "dashboard"
      }
    ]
  },
  "description": "",
  "editable": true,
  "fiscalYearStartMonth": 0,
  "graphTooltip": 0,
  "id": 1,
  "links": [],
  "liveNow": false,
  "panels": [
    {
      "datasource": {
        "type": "mysql",
        "uid": "b1083c7f-42bc-4886-b859-694de5019f36"
      },
      "description": "Lokasi geografis lumbung pangan",
      "fieldConfig": {
        "defaults": {
          "color": {
            "mode": "thresholds"
          },
          "custom": {
            "hideFrom": {
              "legend": false,
              "tooltip": false,
              "viz": false
            }
          },
          "mappings": [],
          "thresholds": {
            "mode": "absolute",
            "steps": [
              {
                "color": "green",
                "value": null
              },
              {
                "color": "red",
                "value": 80
              }
            ]
          }
        },
        "overrides": []
      },
      "gridPos": {
        "h": 12,
        "w": 14,
        "x": 0,
        "y": 0
      },
      "id": 1,
      "options": {
        "basemap": {
          "config": {},
          "name": "Layer 0",
          "type": "osm-standard"
        },
        "controls": {
          "mouseWheelZoom": true,
          "showAttribution": true,
          "showDebug": false,
          "showMeasure": false,
          "showScale": false,
          "showZoom": true
        },
        "layers": [
          {
            "config": {
              "showLegend": true,
              "style": {
                "color": {
                  "fixed": "dark-green"
                },
                "opacity": 0.4,
                "rotation": {
                  "fixed": 0,
                  "max": 360,
                  "min": -360,
                  "mode": "mod"
                },
                "size": {
                  "fixed": 5,
                  "max": 15,
                  "min": 2
                },
                "symbol": {
                  "fixed": "img/icons/marker/circle.svg",
                  "mode": "fixed"
                },
                "textConfig": {
                  "fontSize": 12,
                  "offsetX": 0,
                  "offsetY": 0,
                  "textAlign": "center",
                  "textBaseline": "middle"
                }
              }
            },
            "location": {
              "mode": "coords"
            },
            "name": "Layer 1",
            "tooltip": true,
            "type": "markers"
          }
        ],
        "tooltip": {
          "mode": "details"
        },
        "view": {
          "allLayers": true,
          "id": "coords",
          "lat": -7.4177995,
          "lon": 111.4091394,
          "shared": false,
          "zoom": 13.3
        }
      },
      "pluginVersion": "10.0.0",
      "targets": [
        {
          "datasource": {
            "type": "mysql",
            "uid": "b1083c7f-42bc-4886-b859-694de5019f36"
          },
          "refId": "A"
        }
      ],
      "title": "Letak Geografis",
      "type": "geomap"
    },
    {
      "datasource": {
        "type": "prometheus",
        "uid": "grafanacloud-prom"
      },
      "description": "",
      "gridPos": {
        "h": 4,
        "w": 5,
        "x": 14,
        "y": 0
      },
      "id": 4,
      "options": {
        "code": {
          "language": "plaintext",
          "showLineNumbers": false,
          "showMiniMap": false
        },
        "content": "# ${total_lumbung}\n\nTotal Lumbung\\\n↑ +40% (30 days)",
        "mode": "markdown"
      },
      "pluginVersion": "10.0.0",
      "type": "text"
    },
    {
      "datasource": {
        "type": "prometheus",
        "uid": "grafanacloud-prom"
      },
      "description": "",
      "gridPos": {
        "h": 4,
        "w": 5,
        "x": 19,
        "y": 0
      },
      "id": 3,
      "options": {
        "code": {
          "language": "plaintext",
          "showLineNumbers": false,
          "showMiniMap": false
        },
        "content": "# ${total_grain}\n\nTotal Gabah\\\n↑ +40% (30 days)",
        "mode": "markdown"
      },
      "pluginVersion": "10.0.0",
      "type": "text"
    },
    {
      "datasource": {
        "type": "prometheus",
        "uid": "grafanacloud-prom"
      },
      "description": "",
      "gridPos": {
        "h": 4,
        "w": 5,
        "x": 14,
        "y": 4
      },
      "id": 2,
      "options": {
        "code": {
          "language": "plaintext",
          "showLineNumbers": false,
          "showMiniMap": false
        },
        "content": "# ${total_sawah}\n\nTotal Sawah\\\n↑ +40% (30 days)",
        "mode": "markdown"
      },
      "pluginVersion": "10.0.0",
      "type": "text"
    },
    {
      "datasource": {
        "type": "prometheus",
        "uid": "grafanacloud-prom"
      },
      "description": "",
      "gridPos": {
        "h": 4,
        "w": 5,
        "x": 19,
        "y": 4
      },
      "id": 15,
      "options": {
        "code": {
          "language": "plaintext",
          "showLineNumbers": false,
          "showMiniMap": false
        },
        "content": "# ${total_panen}\n\nTotal Panen\\\n↑ +40% (30 days)",
        "mode": "markdown"
      },
      "pluginVersion": "10.0.0",
      "type": "text"
    },
    {
      "datasource": {
        "type": "prometheus",
        "uid": "grafanacloud-prom"
      },
      "description": "",
      "gridPos": {
        "h": 4,
        "w": 5,
        "x": 14,
        "y": 8
      },
      "id": 5,
      "options": {
        "code": {
          "language": "plaintext",
          "showLineNumbers": false,
          "showMiniMap": false
        },
        "content": "# ${total_organic_area}\n\nTotal Sawah Organik\\\n↑ +40% (30 days)",
        "mode": "markdown"
      },
      "pluginVersion": "10.0.0",
      "type": "text"
    },
    {
      "datasource": {
        "type": "prometheus",
        "uid": "grafanacloud-prom"
      },
      "description": "",
      "gridPos": {
        "h": 4,
        "w": 5,
        "x": 19,
        "y": 8
      },
      "id": 16,
      "options": {
        "code": {
          "language": "plaintext",
          "showLineNumbers": false,
          "showMiniMap": false
        },
        "content": "# ${total_conversion}\n\nTotal Konversi\\\n↑ +40% (30 days)",
        "mode": "markdown"
      },
      "pluginVersion": "10.0.0",
      "type": "text"
    },
    {
      "datasource": {
        "type": "grafana",
        "uid": "grafana"
      },
      "fieldConfig": {
        "defaults": {
          "color": {
            "mode": "palette-classic"
          },
          "custom": {
            "axisCenteredZero": false,
            "axisColorMode": "text",
            "axisLabel": "",
            "axisPlacement": "auto",
            "barAlignment": 0,
            "drawStyle": "line",
            "fillOpacity": 0,
            "gradientMode": "none",
            "hideFrom": {
              "legend": false,
              "tooltip": false,
              "viz": false
            },
            "lineInterpolation": "linear",
            "lineWidth": 1,
            "pointSize": 5,
            "scaleDistribution": {
              "type": "linear"
            },
            "showPoints": "auto",
            "spanNulls": false,
            "stacking": {
              "group": "A",
              "mode": "none"
            },
            "thresholdsStyle": {
              "mode": "off"
            }
          },
          "mappings": [],
          "thresholds": {
            "mode": "absolute",
            "steps": [
              {
                "color": "green",
                "value": null
              },
              {
                "color": "red",
                "value": 80
              }
            ]
          }
        },
        "overrides": []
      },
      "gridPos": {
        "h": 8,
        "w": 12,
        "x": 0,
        "y": 12
      },
      "id": 8,
      "options": {
        "legend": {
          "calcs": [],
          "displayMode": "list",
          "placement": "bottom",
          "showLegend": true
        },
        "tooltip": {
          "mode": "single",
          "sort": "none"
        }
      },
      "targets": [
        {
          "datasource": {
            "type": "datasource",
            "uid": "grafana"
          },
          "queryType": "randomWalk",
          "refId": "A"
        }
      ],
      "title": "Grafik Perkembangan Panen",
      "type": "timeseries"
    },
    {
      "datasource": {
        "type": "mysql",
        "uid": "aa65a024-f6a0-477b-bc67-916741a6af85"
      },
      "fieldConfig": {
        "defaults": {
          "color": {
            "mode": "palette-classic"
          },
          "custom": {
            "axisCenteredZero": false,
            "axisColorMode": "text",
            "axisLabel": "",
            "axisPlacement": "auto",
            "barAlignment": 0,
            "drawStyle": "line",
            "fillOpacity": 0,
            "gradientMode": "none",
            "hideFrom": {
              "legend": false,
              "tooltip": false,
              "viz": false
            },
            "lineInterpolation": "linear",
            "lineWidth": 1,
            "pointSize": 5,
            "scaleDistribution": {
              "type": "linear"
            },
            "showPoints": "auto",
            "spanNulls": false,
            "stacking": {
              "group": "A",
              "mode": "none"
            },
            "thresholdsStyle": {
              "mode": "off"
            }
          },
          "mappings": [],
          "thresholds": {
            "mode": "absolute",
            "steps": [
              {
                "color": "green",
                "value": null
              },
              {
                "color": "red",
                "value": 80
              }
            ]
          }
        },
        "overrides": [
          {
            "__systemRef": "hideSeriesFrom",
            "matcher": {
              "id": "byNames",
              "options": {
                "mode": "exclude",
                "names": [
                  "A-series"
                ],
                "prefix": "All except:",
                "readOnly": true
              }
            },
            "properties": [
              {
                "id": "custom.hideFrom",
                "value": {
                  "legend": false,
                  "tooltip": false,
                  "viz": true
                }
              }
            ]
          }
        ]
      },
      "gridPos": {
        "h": 8,
        "w": 12,
        "x": 12,
        "y": 12
      },
      "id": 7,
      "options": {
        "legend": {
          "calcs": [],
          "displayMode": "list",
          "placement": "bottom",
          "showLegend": true
        },
        "tooltip": {
          "mode": "single",
          "sort": "none"
        }
      },
      "pluginVersion": "10.0.0",
      "targets": [
        {
          "dataset": "u735046609_dispertanngawi",
          "datasource": {
            "type": "mysql",
            "uid": "aa65a024-f6a0-477b-bc67-916741a6af85"
          },
          "editorMode": "code",
          "format": "time_series",
          "rawQuery": true,
          "rawSql": "SELECT organic, created_at AS \"time\" FROM u735046609_dispertanngawi.agricultures LIMIT 50 ",
          "refId": "A",
          "sql": {
            "columns": [
              {
                "parameters": [
                  {
                    "name": "organic",
                    "type": "functionParameter"
                  }
                ],
                "type": "function"
              },
              {
                "alias": "\"time\"",
                "parameters": [
                  {
                    "name": "created_at",
                    "type": "functionParameter"
                  }
                ],
                "type": "function"
              }
            ],
            "groupBy": [
              {
                "property": {
                  "type": "string"
                },
                "type": "groupBy"
              }
            ],
            "limit": 50
          },
          "table": "agricultures"
        },
        {
          "dataset": "u735046609_dispertanngawi",
          "datasource": {
            "type": "mysql",
            "uid": "aa65a024-f6a0-477b-bc67-916741a6af85"
          },
          "editorMode": "code",
          "format": "time_series",
          "hide": false,
          "rawQuery": true,
          "rawSql": "SELECT conversion, Convert(datetime, Cast(Year(created_at) as varchar(4))+\"-0\"+Cast(Month(created_at) as varchar(2)+\"-01\")) as time\r\nFROM u735046609_dispertanngawi.agricultures GROUP BY YEAR(created_at), MONTH(created_at) ",
          "refId": "B",
          "sql": {
            "columns": [
              {
                "parameters": [
                  {
                    "name": "organic",
                    "type": "functionParameter"
                  }
                ],
                "type": "function"
              },
              {
                "alias": "\"time\"",
                "parameters": [
                  {
                    "name": "created_at",
                    "type": "functionParameter"
                  }
                ],
                "type": "function"
              }
            ],
            "groupBy": [
              {
                "property": {
                  "type": "string"
                },
                "type": "groupBy"
              }
            ],
            "limit": 50
          },
          "table": "agricultures"
        }
      ],
      "title": "Grafik Organik vs Konversi",
      "transformations": [
        {
          "id": "prepareTimeSeries",
          "options": {
            "format": "multi"
          }
        }
      ],
      "type": "timeseries"
    },
    {
      "datasource": {
        "type": "prometheus",
        "uid": "grafanacloud-prom"
      },
      "gridPos": {
        "h": 4,
        "w": 4,
        "x": 0,
        "y": 20
      },
      "id": 9,
      "options": {
        "code": {
          "language": "plaintext",
          "showLineNumbers": false,
          "showMiniMap": false
        },
        "content": "# 10\n\nKarang Jati\\\n↑ +4% (30 days)",
        "mode": "markdown"
      },
      "pluginVersion": "10.0.0",
      "type": "text"
    },
    {
      "datasource": {
        "type": "prometheus",
        "uid": "grafanacloud-prom"
      },
      "gridPos": {
        "h": 4,
        "w": 4,
        "x": 4,
        "y": 20
      },
      "id": 10,
      "options": {
        "code": {
          "language": "plaintext",
          "showLineNumbers": false,
          "showMiniMap": false
        },
        "content": "# 10\n\nKarang Jati\\\n↑ +4% (30 days)",
        "mode": "markdown"
      },
      "pluginVersion": "10.0.0",
      "type": "text"
    },
    {
      "datasource": {
        "type": "prometheus",
        "uid": "grafanacloud-prom"
      },
      "gridPos": {
        "h": 4,
        "w": 4,
        "x": 8,
        "y": 20
      },
      "id": 11,
      "options": {
        "code": {
          "language": "plaintext",
          "showLineNumbers": false,
          "showMiniMap": false
        },
        "content": "# 10\n\nKarang Jati\\\n↑ +4% (30 days)",
        "mode": "markdown"
      },
      "pluginVersion": "10.0.0",
      "type": "text"
    },
    {
      "datasource": {
        "type": "prometheus",
        "uid": "grafanacloud-prom"
      },
      "gridPos": {
        "h": 4,
        "w": 4,
        "x": 12,
        "y": 20
      },
      "id": 12,
      "options": {
        "code": {
          "language": "plaintext",
          "showLineNumbers": false,
          "showMiniMap": false
        },
        "content": "# 10\n\nKarang Jati\\\n↑ +4% (30 days)",
        "mode": "markdown"
      },
      "pluginVersion": "10.0.0",
      "type": "text"
    },
    {
      "datasource": {
        "type": "prometheus",
        "uid": "grafanacloud-prom"
      },
      "gridPos": {
        "h": 4,
        "w": 4,
        "x": 16,
        "y": 20
      },
      "id": 13,
      "options": {
        "code": {
          "language": "plaintext",
          "showLineNumbers": false,
          "showMiniMap": false
        },
        "content": "# 10\n\nKarang Jati\\\n↑ +4% (30 days)",
        "mode": "markdown"
      },
      "pluginVersion": "10.0.0",
      "type": "text"
    },
    {
      "datasource": {
        "type": "prometheus",
        "uid": "grafanacloud-prom"
      },
      "gridPos": {
        "h": 4,
        "w": 4,
        "x": 20,
        "y": 20
      },
      "id": 14,
      "options": {
        "code": {
          "language": "plaintext",
          "showLineNumbers": false,
          "showMiniMap": false
        },
        "content": "# 10\n\nKarang Jati\\\n↑ +4% (30 days)",
        "mode": "markdown"
      },
      "pluginVersion": "10.0.0",
      "type": "text"
    }
  ],
  "refresh": "",
  "schemaVersion": 38,
  "style": "dark",
  "tags": [],
  "templating": {
    "list": [
      {
        "current": {
          "selected": false,
          "text": "25232",
          "value": "25232"
        },
        "datasource": {
          "type": "mysql",
          "uid": "aa65a024-f6a0-477b-bc67-916741a6af85"
        },
        "definition": "select sum(organic_area) as total from agricultures",
        "description": "Jumlah total area sawah organik di ngawi",
        "hide": 2,
        "includeAll": false,
        "label": "Total Sawah Organik",
        "multi": false,
        "name": "total_organic_area",
        "options": [],
        "query": "select sum(organic_area) as total from agricultures",
        "refresh": 1,
        "regex": "",
        "skipUrlSync": false,
        "sort": 0,
        "type": "query"
      },
      {
        "current": {
          "selected": false,
          "text": "25810",
          "value": "25810"
        },
        "datasource": {
          "type": "mysql",
          "uid": "aa65a024-f6a0-477b-bc67-916741a6af85"
        },
        "definition": "select sum(conversion_area) as total from agricultures",
        "description": "Jumlah total area sawah organik di ngawi",
        "hide": 2,
        "includeAll": false,
        "label": "Total Sawah Organik",
        "multi": false,
        "name": "total_conversion_area",
        "options": [],
        "query": "select sum(conversion_area) as total from agricultures",
        "refresh": 1,
        "regex": "",
        "skipUrlSync": false,
        "sort": 0,
        "type": "query"
      },
      {
        "current": {
          "selected": false,
          "text": "25550",
          "value": "25550"
        },
        "datasource": {
          "type": "mysql",
          "uid": "aa65a024-f6a0-477b-bc67-916741a6af85"
        },
        "definition": "select sum(organic) as total from agricultures",
        "description": "Jumlah total area sawah organik di ngawi",
        "hide": 2,
        "includeAll": false,
        "label": "Total Sawah Organik",
        "multi": false,
        "name": "total_organic",
        "options": [],
        "query": "select sum(organic) as total from agricultures",
        "refresh": 1,
        "regex": "",
        "skipUrlSync": false,
        "sort": 0,
        "type": "query"
      },
      {
        "current": {
          "selected": false,
          "text": "24461",
          "value": "24461"
        },
        "datasource": {
          "type": "mysql",
          "uid": "aa65a024-f6a0-477b-bc67-916741a6af85"
        },
        "definition": "select sum(conversion) as total from agricultures",
        "description": "Jumlah total area sawah organik di ngawi",
        "hide": 2,
        "includeAll": false,
        "label": "Total Sawah Organik",
        "multi": false,
        "name": "total_conversion",
        "options": [],
        "query": "select sum(conversion) as total from agricultures",
        "refresh": 1,
        "regex": "",
        "skipUrlSync": false,
        "sort": 0,
        "type": "query"
      },
      {
        "current": {
          "selected": false,
          "text": "24983",
          "value": "24983"
        },
        "datasource": {
          "type": "mysql",
          "uid": "aa65a024-f6a0-477b-bc67-916741a6af85"
        },
        "definition": "select sum(total_grain) as total from agricultures",
        "description": "Jumlah total gabah di ngawi",
        "hide": 2,
        "includeAll": false,
        "label": "Total Gabah",
        "multi": false,
        "name": "total_grain",
        "options": [],
        "query": "select sum(total_grain) as total from agricultures",
        "refresh": 1,
        "regex": "",
        "skipUrlSync": false,
        "sort": 0,
        "type": "query"
      },
      {
        "current": {
          "selected": false,
          "text": "50011",
          "value": "50011"
        },
        "datasource": {
          "type": "mysql",
          "uid": "aa65a024-f6a0-477b-bc67-916741a6af85"
        },
        "definition": "select SUM(conversion+organic) from agricultures",
        "hide": 2,
        "includeAll": false,
        "label": "Total Panen",
        "multi": false,
        "name": "total_panen",
        "options": [],
        "query": "select SUM(conversion+organic) from agricultures",
        "refresh": 1,
        "regex": "",
        "skipUrlSync": false,
        "sort": 0,
        "type": "query"
      },
      {
        "current": {
          "selected": false,
          "text": "51042",
          "value": "51042"
        },
        "datasource": {
          "type": "mysql",
          "uid": "aa65a024-f6a0-477b-bc67-916741a6af85"
        },
        "definition": "select SUM(conversion_area+organic_area) from agricultures",
        "hide": 2,
        "includeAll": false,
        "label": "Total Panen",
        "multi": false,
        "name": "total_sawah",
        "options": [],
        "query": "select SUM(conversion_area+organic_area) from agricultures",
        "refresh": 1,
        "regex": "",
        "skipUrlSync": false,
        "sort": 0,
        "type": "query"
      },
      {
        "current": {
          "selected": false,
          "text": "1000",
          "value": "1000"
        },
        "datasource": {
          "type": "mysql",
          "uid": "aa65a024-f6a0-477b-bc67-916741a6af85"
        },
        "definition": "select count(*) from agricultures",
        "hide": 2,
        "includeAll": false,
        "label": "Total Lumbung",
        "multi": false,
        "name": "total_lumbung",
        "options": [],
        "query": "select count(*) from agricultures",
        "refresh": 1,
        "regex": "",
        "skipUrlSync": false,
        "sort": 0,
        "type": "query"
      }
    ]
  },
  "time": {
    "from": "2023-08-16T08:36:24.000Z",
    "to": "2023-08-20T08:36:24.000Z"
  },
  "timepicker": {},
  "timezone": "",
  "title": "Dinas Pertanian",
  "uid": "da1a9b1c-8f93-4dcf-ac52-5f7c72625730",
  "version": 7,
  "weekStart": ""
}