{
    "annotations": {
      "list": [
        {
          "builtIn": 1,
          "datasource": {
            "type": "grafana",
            "uid": "-- Grafana --"
          },
          "enable": true,
          "hide": true,
          "iconColor": "rgba(0, 211, 255, 1)",
          "name": "Annotations & Alerts",
          "type": "dashboard"
        }
      ]
    },
    "editable": true,
    "fiscalYearStartMonth": 0,
    "graphTooltip": 0,
    "id": 2,
    "links": [],
    "liveNow": false,
    "panels": [
      {
        "datasource": {
          "type": "prometheus",
          "uid": "grafanacloud-prom"
        },
        "gridPos": {
          "h": 3,
          "w": 4,
          "x": 0,
          "y": 0
        },
        "id": 1,
        "options": {
          "code": {
            "language": "plaintext",
            "showLineNumbers": false,
            "showMiniMap": false
          },
          "content": "PBI-PROV\n# 632k",
          "mode": "markdown"
        },
        "pluginVersion": "10.0.0",
        "type": "text"
      },
      {
        "datasource": {
          "type": "prometheus",
          "uid": "grafanacloud-prom"
        },
        "gridPos": {
          "h": 3,
          "w": 4,
          "x": 4,
          "y": 0
        },
        "id": 2,
        "options": {
          "code": {
            "language": "plaintext",
            "showLineNumbers": false,
            "showMiniMap": false
          },
          "content": "PBI-PROV\n# 632k",
          "mode": "markdown"
        },
        "pluginVersion": "10.0.0",
        "type": "text"
      },
      {
        "datasource": {
          "type": "prometheus",
          "uid": "grafanacloud-prom"
        },
        "gridPos": {
          "h": 3,
          "w": 4,
          "x": 8,
          "y": 0
        },
        "id": 3,
        "options": {
          "code": {
            "language": "plaintext",
            "showLineNumbers": false,
            "showMiniMap": false
          },
          "content": "PBI-PROV\n# 632k",
          "mode": "markdown"
        },
        "pluginVersion": "10.0.0",
        "type": "text"
      },
      {
        "datasource": {
          "type": "prometheus",
          "uid": "grafanacloud-prom"
        },
        "gridPos": {
          "h": 3,
          "w": 4,
          "x": 12,
          "y": 0
        },
        "id": 4,
        "options": {
          "code": {
            "language": "plaintext",
            "showLineNumbers": false,
            "showMiniMap": false
          },
          "content": "PBI-PROV\n# 632k",
          "mode": "markdown"
        },
        "pluginVersion": "10.0.0",
        "type": "text"
      },
      {
        "datasource": {
          "type": "prometheus",
          "uid": "grafanacloud-prom"
        },
        "gridPos": {
          "h": 3,
          "w": 4,
          "x": 16,
          "y": 0
        },
        "id": 5,
        "options": {
          "code": {
            "language": "plaintext",
            "showLineNumbers": false,
            "showMiniMap": false
          },
          "content": "PBI-PROV\n# 632k",
          "mode": "markdown"
        },
        "pluginVersion": "10.0.0",
        "type": "text"
      },
      {
        "datasource": {
          "type": "prometheus",
          "uid": "grafanacloud-prom"
        },
        "gridPos": {
          "h": 3,
          "w": 4,
          "x": 20,
          "y": 0
        },
        "id": 6,
        "options": {
          "code": {
            "language": "plaintext",
            "showLineNumbers": false,
            "showMiniMap": false
          },
          "content": "PBI-PROV\n# 632k",
          "mode": "markdown"
        },
        "pluginVersion": "10.0.0",
        "type": "text"
      },
      {
        "datasource": {
          "type": "grafana",
          "uid": "grafana"
        },
        "description": "",
        "fieldConfig": {
          "defaults": {
            "color": {
              "mode": "thresholds"
            },
            "custom": {
              "hideFrom": {
                "legend": false,
                "tooltip": false,
                "viz": false
              }
            },
            "mappings": [],
            "thresholds": {
              "mode": "absolute",
              "steps": [
                {
                  "color": "green",
                  "value": null
                },
                {
                  "color": "red",
                  "value": 80
                }
              ]
            }
          },
          "overrides": []
        },
        "gridPos": {
          "h": 15,
          "w": 20,
          "x": 0,
          "y": 3
        },
        "id": 7,
        "options": {
          "controls": {
            "mouseWheelZoom": true,
            "showAttribution": true,
            "showDebug": false,
            "showMeasure": false,
            "showScale": false,
            "showZoom": true
          },
          "layers": [
            {
              "config": {
                "showLegend": true,
                "style": {
                  "color": {
                    "fixed": "dark-green"
                  },
                  "opacity": 0.4,
                  "rotation": {
                    "fixed": 0,
                    "max": 360,
                    "min": -360,
                    "mode": "mod"
                  },
                  "size": {
                    "fixed": 5,
                    "max": 15,
                    "min": 2
                  },
                  "symbol": {
                    "fixed": "img/icons/marker/circle.svg",
                    "mode": "fixed"
                  },
                  "textConfig": {
                    "fontSize": 12,
                    "offsetX": 0,
                    "offsetY": 0,
                    "textAlign": "center",
                    "textBaseline": "middle"
                  }
                }
              },
              "location": {
                "mode": "auto"
              },
              "name": "Layer 1",
              "tooltip": true,
              "type": "markers"
            }
          ],
          "tooltip": {
            "mode": "details"
          },
          "view": {
            "allLayers": true,
            "id": "coords",
            "lat": -7.4177995,
            "lon": 111.4091394,
            "zoom": 13.35
          }
        },
        "pluginVersion": "10.0.0",
        "targets": [
          {
            "datasource": {
              "type": "datasource",
              "uid": "grafana"
            },
            "queryType": "randomWalk",
            "refId": "A"
          }
        ],
        "title": "Pemetaan Stunting",
        "type": "geomap"
      },
      {
        "datasource": {
          "type": "prometheus",
          "uid": "grafanacloud-prom"
        },
        "gridPos": {
          "h": 5,
          "w": 4,
          "x": 20,
          "y": 3
        },
        "id": 10,
        "options": {
          "code": {
            "language": "plaintext",
            "showLineNumbers": false,
            "showMiniMap": false
          },
          "content": "<p style=\"text-align: center;\">\nBalita Stunting<br>\nTahun 2023<br></p>\n<h1 style=\"text-align: center;\">12.5%</h1>\n<br>\n<p style=\"text-align: center;\">MEDIUM</p>\n",
          "mode": "markdown"
        },
        "pluginVersion": "10.0.0",
        "type": "text"
      },
      {
        "datasource": {
          "type": "prometheus",
          "uid": "grafanacloud-prom"
        },
        "gridPos": {
          "h": 5,
          "w": 4,
          "x": 20,
          "y": 8
        },
        "id": 11,
        "options": {
          "code": {
            "language": "plaintext",
            "showLineNumbers": false,
            "showMiniMap": false
          },
          "content": "<p style=\"text-align: center;\">\nBalita Stunting<br>\nTahun 2023<br></p>\n<h1 style=\"text-align: center;\">12.5%</h1>\n<br>\n<p style=\"text-align: center;\">MEDIUM</p>\n",
          "mode": "markdown"
        },
        "pluginVersion": "10.0.0",
        "type": "text"
      },
      {
        "datasource": {
          "type": "prometheus",
          "uid": "grafanacloud-prom"
        },
        "gridPos": {
          "h": 5,
          "w": 4,
          "x": 20,
          "y": 13
        },
        "id": 12,
        "options": {
          "code": {
            "language": "plaintext",
            "showLineNumbers": false,
            "showMiniMap": false
          },
          "content": "<p style=\"text-align: center;\">\nBalita Stunting<br>\nTahun 2023<br></p>\n<h1 style=\"text-align: center;\">12.5%</h1>\n<br>\n<p style=\"text-align: center;\">MEDIUM</p>\n",
          "mode": "markdown"
        },
        "pluginVersion": "10.0.0",
        "type": "text"
      },
      {
        "datasource": {
          "type": "grafana",
          "uid": "grafana"
        },
        "fieldConfig": {
          "defaults": {
            "color": {
              "mode": "palette-classic"
            },
            "custom": {
              "axisCenteredZero": false,
              "axisColorMode": "text",
              "axisLabel": "",
              "axisPlacement": "auto",
              "fillOpacity": 80,
              "gradientMode": "none",
              "hideFrom": {
                "legend": false,
                "tooltip": false,
                "viz": false
              },
              "lineWidth": 1,
              "scaleDistribution": {
                "type": "linear"
              },
              "thresholdsStyle": {
                "mode": "off"
              }
            },
            "mappings": [],
            "thresholds": {
              "mode": "absolute",
              "steps": [
                {
                  "color": "green"
                },
                {
                  "color": "red",
                  "value": 80
                }
              ]
            }
          },
          "overrides": []
        },
        "gridPos": {
          "h": 8,
          "w": 12,
          "x": 0,
          "y": 18
        },
        "id": 8,
        "options": {
          "barRadius": 0,
          "barWidth": 0.97,
          "fullHighlight": false,
          "groupWidth": 0.7,
          "legend": {
            "calcs": [],
            "displayMode": "list",
            "placement": "bottom",
            "showLegend": true
          },
          "orientation": "vertical",
          "showValue": "auto",
          "stacking": "none",
          "tooltip": {
            "mode": "single",
            "sort": "none"
          },
          "xTickLabelRotation": 0,
          "xTickLabelSpacing": 0
        },
        "targets": [
          {
            "datasource": {
              "type": "datasource",
              "uid": "grafana"
            },
            "queryType": "randomWalk",
            "refId": "A"
          }
        ],
        "title": "Intervensi Keluarga Stunting | Intervensi Gizi Spesifik",
        "type": "barchart"
      },
      {
        "datasource": {
          "type": "grafana",
          "uid": "grafana"
        },
        "fieldConfig": {
          "defaults": {
            "color": {
              "mode": "palette-classic"
            },
            "custom": {
              "axisCenteredZero": false,
              "axisColorMode": "text",
              "axisLabel": "",
              "axisPlacement": "auto",
              "fillOpacity": 80,
              "gradientMode": "none",
              "hideFrom": {
                "legend": false,
                "tooltip": false,
                "viz": false
              },
              "lineWidth": 1,
              "scaleDistribution": {
                "type": "linear"
              },
              "thresholdsStyle": {
                "mode": "off"
              }
            },
            "mappings": [],
            "thresholds": {
              "mode": "absolute",
              "steps": [
                {
                  "color": "green"
                },
                {
                  "color": "red",
                  "value": 80
                }
              ]
            }
          },
          "overrides": []
        },
        "gridPos": {
          "h": 8,
          "w": 12,
          "x": 12,
          "y": 18
        },
        "id": 9,
        "options": {
          "barRadius": 0,
          "barWidth": 0.97,
          "fullHighlight": false,
          "groupWidth": 0.7,
          "legend": {
            "calcs": [],
            "displayMode": "list",
            "placement": "bottom",
            "showLegend": true
          },
          "orientation": "vertical",
          "showValue": "auto",
          "stacking": "none",
          "tooltip": {
            "mode": "single",
            "sort": "none"
          },
          "xTickLabelRotation": 0,
          "xTickLabelSpacing": 0
        },
        "targets": [
          {
            "datasource": {
              "type": "datasource",
              "uid": "grafana"
            },
            "queryType": "randomWalk",
            "refId": "A"
          }
        ],
        "title": "Intervensi Keluarga Stunting | Intervensi Gizi Sensitif",
        "type": "barchart"
      }
    ],
    "refresh": "",
    "schemaVersion": 38,
    "style": "dark",
    "tags": [],
    "templating": {
      "list": []
    },
    "time": {
      "from": "now-6h",
      "to": "now"
    },
    "timepicker": {},
    "timezone": "",
    "title": "Dinas Kesehatan",
    "uid": "b1cd658c-c2e0-4039-95bd-72f8eaa880fd",
    "version": 1,
    "weekStart": ""
  }